    <Device Name="Website">
      <Policies>
        <Policy ID="Facebook" PlatformBaseID="GenericWebApp" PlatformBaseType="Website" PlatformBaseProtocol="Https" AutoChangeOnAdd="No" AutoVerifyOnAdd="No">
          <Properties>
            <Required>
              <Property Name="Username" />
              <Property Name="Address" />
            </Required>
            <Optional>
              <Property Name="WebApplicationID" DisplayName="Web Application ID" />
            </Optional>
          </Properties>
          <TicketingSystem EnterTicketingInfo="No" ValidateTicketNumber="No" />
          <PrivilegedSessionManagement />
          <ConnectionComponents>
            <ConnectionComponent Id="PSM-Facebook" />
          </ConnectionComponents>
        </Policy>
      </Policies>
    </Device>